lam,flux,err
3713.1256815027,575.0939331054688,15.692233085632324
3716.1746017808214,595.6141357421875,16.09829330444336
3719.223522058943,583.9484252929688,15.944774627685547
3722.2724423370646,596.4171752929688,15.94190502166748
3725.321362615186,599.8702392578125,15.927223205566406
3728.3702828933074,620.0465698242188,16.071928024291992
3731.419203171429,611.8837890625,15.77945613861084
3734.4681234495506,607.19921875,15.567172050476074
3737.517043727672,625.0557861328125,15.68205738067627
3740.5659640057934,623.578125,15.549378395080566
3743.614884283915,599.5048217773438,15.21438217163086
3746.6638045620366,616.4559326171875,15.358528137207031
3749.712724840158,606.5099487304688,15.16520881652832
3752.7616451182794,622.427734375,15.282059669494629
3755.810565396401,641.9675903320312,15.456412315368652
3758.8594856745226,629.5658569335938,15.14362907409668
3761.908405952644,634.3516235351562,14.996301651000977
3764.9573262307654,608.0687255859375,14.63864517211914
3768.006246508887,644.1395263671875,14.97719955444336
3771.0551667870086,623.325927734375,14.681178092956543
3774.10408706513,617.98095703125,14.531954765319824
3777.1530073432514,600.8829956054688,14.214588165283203
3780.201927621373,603.2091064453125,14.16702938079834
3783.2508478994946,620.2464599609375,14.29233169555664
3786.299768177616,627.160400390625,14.282296180725098
3789.3486884557374,617.31884765625,14.106948852539062
3792.397608733859,625.364501953125,14.139198303222656
3795.4465290119806,642.150390625,14.242213249206543
3798.495449290102,645.1180419921875,14.11068058013916
3801.5443695682234,640.5383911132812,13.982101440429688
3804.593289846345,683.80517578125,14.33618450164795
3807.6422101244666,783.8870239257812,15.21877670288086
3810.691130402588,951.608642578125,16.58379364013672
3813.7400506807094,1161.5391845703125,18.046707153320312
3816.788970958831,1367.3599853515625,19.376541137695312
3819.8378912369526,1261.0025634765625,18.554534912109375
3822.886811515074,967.2693481445312,16.296558380126953
3825.9357317931954,734.6801147460938,14.299753189086914
3828.984652071317,649.7794799804688,13.461238861083984
3832.0335723494386,624.8389282226562,13.15320873260498
3835.08249262756,609.2308959960938,12.927294731140137
3838.1314129056814,609.938232421875,12.874651908874512
3841.180333183803,613.0661010742188,12.917956352233887
3844.2292534619246,606.5721435546875,12.741769790649414
3847.278173740046,605.7181396484375,12.639837265014648
3850.3270940181674,630.5118408203125,12.817044258117676
3853.376014296289,610.731201171875,12.607026100158691
3856.4249345744106,584.4959716796875,12.291159629821777
3859.473854852532,604.6914672851562,12.41051197052002
3862.5227751306534,574.089599609375,12.051727294921875
3865.571695408775,563.5734252929688,11.881393432617188
3868.6206156868966,575.7689208984375,11.928845405578613
3871.669535965018,580.803955078125,11.97651195526123
3874.7184562431394,566.6423950195312,11.768743515014648
3877.767376521261,561.0330200195312,11.63795280456543
3880.8162967993826,541.387939453125,11.402973175048828
3883.865217077504,544.8908081054688,11.376594543457031
3886.9141373556254,548.26220703125,11.356812477111816
3889.963057633747,551.82958984375,11.359695434570312
3893.0119779118686,531.1689453125,11.118157386779785
3896.06089818999,542.9318237304688,11.187122344970703
3899.1098184681114,533.3150024414062,11.027283668518066
3902.158738746233,520.9071655273438,10.896096229553223
3905.2076590243546,518.3536376953125,10.835381507873535
3908.256579302476,531.947265625,10.916136741638184
3911.3054995805974,531.702880859375,10.893546104431152
3914.354419858719,549.6356811523438,11.02943229675293
3917.4033401368406,536.020751953125,10.907794952392578
3920.452260414962,540.6676635742188,10.912299156188965
3923.5011806930834,542.0131225585938,10.878278732299805
3926.550100971205,545.9072875976562,10.825623512268066
3929.5990212493266,540.872314453125,10.767584800720215
3932.647941527448,550.561767578125,10.813620567321777
3935.6968618055694,549.814208984375,10.736948013305664
3938.745782083691,550.9095458984375,10.698305130004883
3941.7947023618126,516.9136352539062,10.375545501708984
3944.843622639934,523.1162719726562,10.404794692993164
3947.8925429180554,609.5499877929688,11.132797241210938
3950.941463196177,698.0873413085938,11.851601600646973
3953.9903834742986,792.6961059570312,12.560331344604492
3957.03930375242,856.8346557617188,12.968084335327148
3960.0882240305414,789.20361328125,12.40701675415039
3963.137144308663,669.2178344726562,11.473104476928711
3966.1860645867846,590.8694458007812,10.721074104309082
3969.234984864906,547.0604248046875,10.300799369812012
3972.2839051430274,554.9599609375,10.350141525268555
3975.332825421149,561.2469482421875,10.386787414550781
3978.3817456992706,568.9442138671875,10.429219245910645
3981.430665977392,574.4906616210938,10.484691619873047
3984.4795862555134,568.5291137695312,10.423833847045898
3987.528506533635,549.2130126953125,10.226436614990234
3990.5774268117566,519.4276733398438,9.950228691101074
3993.626347089878,500.9588623046875,9.759841918945312
3996.6752673679994,503.5599060058594,9.760846138000488
3999.724187646121,515.9873657226562,9.841845512390137
4002.7731079242426,508.12506103515625,9.755254745483398
4005.822028202364,498.2518615722656,9.607914924621582
4008.8709484804854,487.66455078125,9.487165451049805
4011.919868758607,480.185546875,9.392498016357422
4014.9687890367286,452.4901123046875,9.134306907653809
4018.01770931485,433.5734558105469,8.941168785095215
4021.0666295929714,472.2106628417969,9.244174003601074
4024.115549871093,502.7142028808594,9.49480152130127
4027.1644701492146,503.79583740234375,9.502996444702148
4030.213390427336,502.96026611328125,9.483868598937988
4033.2623107054574,507.5393371582031,9.489642143249512
4036.311230983579,504.3252258300781,9.448695182800293
4039.3601512617006,500.98834228515625,9.380842208862305
4042.409071539822,523.949951171875,9.570213317871094
4045.4579918179434,528.0122680664062,9.585123062133789
4048.506912096065,544.905029296875,9.690048217773438
4051.5558323741866,557.06201171875,9.764485359191895
4054.604752652308,621.821044921875,10.253931045532227
4057.6536729304294,659.1031494140625,10.523101806640625
4060.702593208551,619.4019775390625,10.189528465270996
4063.7515134866726,560.661376953125,9.718329429626465
4066.800433764794,544.1900024414062,9.56951904296875
4069.8493540429154,540.1950073242188,9.503557205200195
4072.898274321037,522.9102172851562,9.369203567504883
4075.9471945991586,516.177001953125,9.282511711120605
4078.99611487728,495.23077392578125,9.071929931640625
4082.0450351554014,499.07342529296875,9.096437454223633
4085.093955433523,487.3936767578125,8.982959747314453
4088.1428757116446,481.7748107910156,8.911686897277832
4091.191795989766,473.7118835449219,8.817194938659668
4094.2407162678874,477.3873291015625,8.838618278503418
4097.289636546009,472.2582702636719,8.77074146270752
4100.33855682413,470.4579772949219,8.701298713684082
4103.387477102252,458.17608642578125,8.597566604614258
4106.436397380374,452.4634704589844,8.526177406311035
4109.485317658495,449.4531555175781,8.49010944366455
4112.534237936617,437.4086608886719,8.37025260925293
4115.583158214738,454.4046325683594,8.485821723937988
4118.632078492859,449.34246826171875,8.422601699829102
4121.680998770981,440.3032531738281,8.336767196655273
4124.729919049102,438.8062438964844,8.326375007629395
4127.778839327224,442.31475830078125,8.327125549316406
4130.827759605346,434.4369812011719,8.250092506408691
4133.876679883467,427.6968688964844,8.173904418945312
4136.925600161589,426.58721923828125,8.13869571685791
4139.97452043971,431.9555969238281,8.179305076599121
4143.023440717831,447.9931640625,8.284773826599121
4146.072360995953,467.62506103515625,8.431485176086426
4149.121281274074,470.900390625,8.434859275817871
4152.170201552196,486.894775390625,8.537694931030273
4155.219121830318,521.6915893554688,8.783991813659668
4158.268042108439,539.6372680664062,8.924734115600586
4161.316962386561,542.7171630859375,8.963332176208496
4164.365882664682,539.4005126953125,8.904387474060059
4167.414802942803,528.0057373046875,8.820798873901367
4170.463723220925,525.9718017578125,8.809136390686035
4173.512643499046,534.8487548828125,8.844792366027832
4176.561563777168,536.4295654296875,8.833344459533691
4179.61048405529,545.6715087890625,8.879646301269531
4182.659404333411,569.50341796875,9.01673412322998
4185.708324611533,586.6956787109375,9.12372875213623
4188.757244889654,612.2630004882812,9.294121742248535
4191.806165167775,641.891845703125,9.46619701385498
4194.855085445897,624.4984741210938,9.343265533447266
4197.904005724018,606.418212890625,9.193583488464355
4200.95292600214,577.0607299804688,8.959269523620605
4204.001846280262,556.1416015625,8.801383972167969
4207.050766558383,548.136962890625,8.734474182128906
4210.099686836505,544.8344116210938,8.670615196228027
4213.148607114626,538.1696166992188,8.616440773010254
4216.197527392747,530.9459838867188,8.53405475616455
4219.246447670869,529.5606079101562,8.489018440246582
4222.29536794899,503.2152404785156,8.300825119018555
4225.344288227112,514.0420532226562,8.353153228759766
4228.393208505234,517.9659423828125,8.355320930480957
4231.442128783355,478.9999694824219,8.038192749023438
4234.491049061477,488.7434997558594,8.093920707702637
4237.539969339598,481.53076171875,8.02872371673584
4240.588889617719,467.0258483886719,7.899662017822266
4243.637809895841,458.3033447265625,7.810799598693848
4246.686730173962,460.2769775390625,7.8204216957092285
4249.735650452084,463.4126892089844,7.834164619445801
4252.784570730206,455.8399963378906,7.77254581451416
4255.833491008327,458.59515380859375,7.789867401123047
4258.882411286449,453.76953125,7.7187886238098145
4261.93133156457,431.23565673828125,7.531118869781494
4264.980251842691,430.43603515625,7.510258674621582
4268.029172120813,429.5357666015625,7.486648082733154
4271.078092398935,421.6736755371094,7.411564826965332
4274.127012677056,422.5920104980469,7.408169269561768
4277.175932955178,430.5335388183594,7.4630961418151855
4280.224853233299,424.8789978027344,7.408807754516602
4283.273773511421,408.5330505371094,7.2689666748046875
4286.322693789542,414.1683044433594,7.291794776916504
4289.371614067663,417.97882080078125,7.308907985687256
4292.420534345785,419.78936767578125,7.301097869873047
4295.469454623906,418.39300537109375,7.271948337554932
4298.518374902028,409.62359619140625,7.199611663818359
4301.56729518015,414.5867919921875,7.214561462402344
4304.616215458271,421.0152282714844,7.247411727905273
4307.665135736393,413.2129821777344,7.171967506408691
4310.714056014514,414.0780334472656,7.168057441711426
4313.762976292635,424.14208984375,7.247739315032959
4316.811896570757,423.55340576171875,7.228168964385986
4319.860816848879,421.68157958984375,7.194693565368652
4322.909737127,423.1155090332031,7.2281904220581055
4325.958657405122,426.0425720214844,7.239196300506592
4329.007577683243,417.99041748046875,7.1423139572143555
4332.056497961365,420.43182373046875,7.158529281616211
4335.105418239486,417.3878173828125,7.1330366134643555
4338.154338517607,419.0766906738281,7.123052597045898
4341.203258795729,419.810791015625,7.106098175048828
4344.25217907385,417.08868408203125,7.069403171539307
4347.301099351972,418.7945251464844,7.065033435821533
4350.350019630094,418.53448486328125,7.050565242767334
4353.398939908215,422.0668640136719,7.083890438079834
4356.447860186337,428.793701171875,7.117537021636963
4359.496780464458,427.9095458984375,7.109231948852539
4362.545700742579,418.8593444824219,7.050874710083008
4365.594621020701,432.72021484375,7.1579484939575195
4368.643541298823,433.45672607421875,7.14227294921875
4371.692461576944,436.7256164550781,7.137182712554932
4374.741381855066,445.18878173828125,7.193868637084961
4377.790302133187,461.4947204589844,7.301215648651123
4380.839222411309,468.3254699707031,7.338590145111084
4383.88814268943,474.2311706542969,7.362743854522705
4386.937062967551,489.24725341796875,7.451478958129883
4389.985983245673,481.2505187988281,7.378040790557861
4393.034903523794,467.52630615234375,7.262507915496826
4396.083823801916,481.4209899902344,7.3590898513793945
4399.132744080038,503.9245300292969,7.492824077606201
4402.181664358159,508.123291015625,7.519898891448975
4405.230584636281,522.1005859375,7.617717742919922
4408.279504914402,535.081787109375,7.705389022827148
4411.328425192523,551.5731811523438,7.808291912078857
4414.377345470645,582.22412109375,8.018266677856445
4417.426265748767,593.4454345703125,8.078635215759277
4420.475186026888,617.8726806640625,8.196175575256348
4423.52410630501,654.5061645507812,8.398236274719238
4426.573026583131,680.5224609375,8.55986213684082
4429.621946861253,724.6331787109375,8.81213665008545
4432.670867139374,767.4175415039062,9.034164428710938
4435.719787417495,810.3395385742188,9.243875503540039
4438.768707695617,819.9356079101562,9.281844139099121
4441.817627973738,777.4954833984375,9.056004524230957
4444.86654825186,725.1798706054688,8.744976043701172
4447.915468529982,702.266357421875,8.587870597839355
4450.964388808103,709.5289306640625,8.618850708007812
4454.013309086225,722.8077392578125,8.692368507385254
4457.062229364346,749.9087524414062,8.833131790161133
4460.111149642467,763.5048217773438,8.899151802062988
4463.160069920589,723.8051147460938,8.656094551086426
4466.208990198711,670.5650024414062,8.327742576599121
4469.257910476832,623.265625,8.0368070602417
4472.306830754954,601.1557006835938,7.887032508850098
4475.355751033075,593.4181518554688,7.825717926025391
4478.404671311197,568.2342529296875,7.656318187713623
4481.453591589318,562.1797485351562,7.609620094299316
4484.502511867439,544.6217041015625,7.504212856292725
4487.551432145561,533.9332885742188,7.421126842498779
4490.600352423682,518.6455078125,7.312137603759766
4493.649272701804,508.6493225097656,7.234330177307129
4496.698192979926,504.5660095214844,7.193428039550781
4499.747113258047,496.000244140625,7.11897611618042
4502.796033536169,499.6217041015625,7.136972427368164
4505.84495381429,485.4482116699219,7.050817966461182
4508.893874092411,475.6340637207031,6.983035564422607
4511.942794370533,483.51177978515625,7.0037736892700195
4514.991714648655,480.4967041015625,6.96600866317749
4518.040634926776,470.4413757324219,6.920088291168213
4521.089555204898,454.62506103515625,6.81058406829834
4524.138475483019,467.3777770996094,6.86780309677124
4527.187395761141,467.62664794921875,6.856319427490234
4530.236316039262,456.7650451660156,6.783255577087402
4533.285236317383,461.2244567871094,6.800982475280762
4536.334156595505,461.40093994140625,6.791614532470703
4539.383076873626,453.1884460449219,6.731747150421143
4542.431997151748,460.378662109375,6.787259578704834
4545.48091742987,465.3308410644531,6.808074951171875
4548.529837707991,460.4855041503906,6.7560248374938965
4551.578757986113,458.3114929199219,6.744792461395264
4554.627678264234,462.83526611328125,6.761319160461426
4557.676598542355,472.5473937988281,6.811006546020508
4560.725518820477,472.9143371582031,6.79652738571167
4563.774439098599,460.9725646972656,6.709110260009766
4566.82335937672,470.3593444824219,6.768792152404785
4569.872279654842,485.5346374511719,6.863630771636963
4572.921199932963,481.9619140625,6.8373284339904785
4575.970120211085,476.1041259765625,6.782409191131592
4579.019040489206,477.0,6.782907485961914
4582.067960767327,482.80914306640625,6.8065972328186035
4585.116881045449,493.8006286621094,6.874335289001465
4588.16580132357,501.02276611328125,6.909153461456299
4591.214721601692,480.9140930175781,6.772089958190918
4594.263641879814,480.6692199707031,6.764108657836914
4597.312562157935,487.2396545410156,6.795668601989746
4600.361482436057,491.5676574707031,6.806858539581299
4603.410402714178,493.1834716796875,6.814518928527832
4606.459322992299,487.1081848144531,6.788198471069336
4609.508243270421,493.3667907714844,6.808034420013428
4612.557163548543,507.4120178222656,6.879695892333984
4615.606083826664,498.3162536621094,6.823829650878906
4618.655004104786,495.47412109375,6.7924933433532715
4621.703924382907,508.27264404296875,6.857203960418701
4624.752844661029,505.0452575683594,6.816429138183594
4627.80176493915,495.08447265625,6.750933647155762
4630.850685217271,503.96826171875,6.786957263946533
4633.899605495393,508.0943603515625,6.798431873321533
4636.948525773514,500.487548828125,6.7626776695251465
4639.997446051636,505.3204650878906,6.788023948669434
4643.046366329758,512.0189819335938,6.817389488220215
4646.095286607879,505.4227600097656,6.778262138366699
4649.144206886001,501.9544982910156,6.737667083740234
4652.193127164122,499.82330322265625,6.715823650360107
4655.242047442243,492.7100830078125,6.678714275360107
4658.290967720365,498.2719421386719,6.6968278884887695
4661.339887998487,510.0704345703125,6.773129463195801
4664.388808276608,509.6220703125,6.765803337097168
4667.43772855473,515.9740600585938,6.798752307891846
4670.486648832851,522.6052856445312,6.832967758178711
4673.535569110973,507.4298095703125,6.7181525230407715
4676.584489389094,498.5259704589844,6.654301166534424
4679.633409667215,506.9028015136719,6.705557346343994
4682.682329945337,500.0990905761719,6.664865493774414
4685.731250223458,493.3769836425781,6.613101005554199
4688.78017050158,498.5194091796875,6.633020877838135
4691.829090779702,495.9886474609375,6.608447074890137
4694.878011057823,500.1346130371094,6.625287055969238
4697.926931335945,496.0460205078125,6.588753700256348
4700.975851614066,498.69708251953125,6.588989734649658
4704.024771892187,500.33612060546875,6.602406024932861
4707.073692170309,480.6535949707031,6.477835178375244
4710.122612448431,476.730224609375,6.442389011383057
4713.171532726552,476.4077453613281,6.438022136688232
4716.220453004674,475.8079528808594,6.42677640914917
4719.269373282795,486.72430419921875,6.487607955932617
4722.318293560917,487.41705322265625,6.481130599975586
4725.367213839038,485.66351318359375,6.458515644073486
4728.416134117159,494.8753356933594,6.506019115447998
4731.465054395281,497.6395568847656,6.533832550048828
4734.513974673402,486.71673583984375,6.458424091339111
4737.562894951524,489.8639221191406,6.455495357513428
4740.611815229646,488.4748229980469,6.438648700714111
4743.660735507767,493.70758056640625,6.4579081535339355
4746.709655785889,506.34124755859375,6.529233455657959
4749.75857606401,505.93218994140625,6.525737762451172
4752.807496342131,511.07171630859375,6.545476913452148
4755.856416620253,508.09210205078125,6.51571798324585
4758.905336898375,516.7516479492188,6.5639519691467285
4761.954257176496,528.3413696289062,6.618178844451904
4765.003177454618,514.3633422851562,6.542356014251709
4768.05209773274,507.5537414550781,6.504350662231445
4771.101018010861,508.3398742675781,6.481797695159912
4774.149938288982,507.19342041015625,6.4740376472473145
4777.198858567103,515.3046875,6.51706600189209
4780.247778845225,531.1981201171875,6.600247383117676
4783.296699123346,552.4131469726562,6.715392112731934
4786.345619401468,567.7755126953125,6.802359580993652
4789.39453967959,570.682861328125,6.824892520904541
4792.443459957711,568.8604736328125,6.809077262878418
4795.492380235833,550.2352905273438,6.692392826080322
4798.541300513954,527.8336791992188,6.554834365844727
4801.590220792075,518.3983154296875,6.504271507263184
4804.639141070197,517.0723876953125,6.482412338256836
4807.688061348319,516.004150390625,6.466626167297363
4810.73698162644,515.2904052734375,6.445993423461914
4813.785901904562,520.1875610351562,6.465360641479492
4816.834822182684,522.2579345703125,6.481287479400635
4819.883742460805,508.7571716308594,6.4148736000061035
4822.932662738926,509.7912292480469,6.422676086425781
4825.981583017047,504.2778015136719,6.3694353103637695
4829.030503295169,490.8422546386719,6.290306568145752
4832.07942357329,488.10791015625,6.270877361297607
4835.128343851412,486.971435546875,6.246450901031494
4838.177264129534,483.7993469238281,6.228044033050537
4841.226184407655,483.2379150390625,6.22102165222168
4844.275104685777,482.279296875,6.205904006958008
4847.324024963898,472.27886962890625,6.1369547843933105
4850.372945242019,464.4117736816406,6.096246719360352
4853.421865520141,456.84417724609375,6.038401126861572
4856.470785798263,456.93701171875,6.02113151550293
4859.519706076384,456.51959228515625,6.0228166580200195
4862.568626354506,460.1169738769531,6.028595924377441
4865.617546632628,457.5296325683594,6.000245571136475
4868.666466910749,451.15625,5.955366134643555
4871.71538718887,448.6417236328125,5.934652328491211
4874.764307466991,453.6438293457031,5.956307888031006
4877.813227745113,455.2561340332031,5.96661901473999
4880.862148023234,453.7337341308594,5.960388660430908
4883.911068301356,463.6744689941406,6.0193071365356445
4886.959988579478,458.1557922363281,5.96732759475708
4890.008908857599,448.6042785644531,5.908448219299316
4893.057829135721,466.6474609375,6.021177768707275
4896.106749413842,480.42449951171875,6.087621688842773
4899.155669691963,475.79638671875,6.068691253662109
4902.204589970085,480.92828369140625,6.095998764038086
4905.253510248207,506.394287109375,6.229758262634277
4908.302430526328,518.3840942382812,6.2910075187683105
4911.35135080445,532.9138793945312,6.367208003997803
4914.400271082572,553.8328247070312,6.4825239181518555
4917.449191360693,573.0269165039062,6.5805487632751465
4920.498111638814,583.574951171875,6.632971286773682
4923.547031916935,602.1836547851562,6.72258186340332
4926.595952195057,625.4141235351562,6.826227188110352
4929.644872473178,656.7618408203125,6.97666597366333
4932.6937927513,687.338623046875,7.128826141357422
4935.742713029422,712.9400024414062,7.254771709442139
4938.791633307543,738.203857421875,7.353096961975098
4941.840553585665,776.6075439453125,7.523383140563965
4944.889473863786,820.2947387695312,7.7252421379089355
4947.938394141907,849.9735107421875,7.845443248748779
4950.987314420029,897.3099365234375,8.04107666015625
4954.036234698151,972.6652221679688,8.353728294372559
4957.085154976272,1044.097900390625,8.64561939239502
4960.134075254394,1136.2203369140625,8.999242782592773
4963.182995532516,1282.6951904296875,9.526769638061523
4966.231915810637,1417.901611328125,10.004850387573242
4969.280836088758,1453.85546875,10.113885879516602
4972.329756366879,1336.5137939453125,9.696069717407227
4975.378676645001,1195.6204833984375,9.176031112670898
4978.427596923122,1092.0245361328125,8.779305458068848
4981.476517201244,1035.9351806640625,8.554588317871094
4984.525437479366,1014.3607177734375,8.46336555480957
4987.574357757487,990.1195068359375,8.36086368560791
4990.623278035609,965.711669921875,8.254545211791992
4993.67219831373,945.0632934570312,8.16303539276123
4996.721118591851,903.4697265625,7.981506824493408
4999.770038869973,888.5851440429688,7.9064412117004395
5002.818959148095,864.598388671875,7.809643745422363
5005.867879426216,826.3815307617188,7.639378070831299
5008.916799704338,809.6583862304688,7.562463760375977
5011.96571998246,778.3304443359375,7.405708312988281
5015.014640260581,754.666015625,7.297518253326416
5018.063560538702,730.2681884765625,7.179539203643799
5021.112480816823,717.8385620117188,7.117925643920898
5024.161401094945,680.1300048828125,6.9284563064575195
5027.210321373066,664.1759033203125,6.83955717086792
5030.259241651188,658.4818115234375,6.807476043701172
5033.30816192931,654.8707885742188,6.790420055389404
5036.357082207431,632.4835815429688,6.68107271194458
5039.406002485553,618.968017578125,6.610171794891357
5042.454922763674,622.4736938476562,6.621647357940674
5045.503843041795,619.2802734375,6.593833923339844
5048.552763319917,640.1045532226562,6.689766883850098
5051.601683598039,682.6110229492188,6.891424179077148
5054.65060387616,763.8809814453125,7.270012378692627
5057.699524154282,925.6959228515625,7.957762718200684
5060.748444432404,1204.9122314453125,9.0184907913208
5063.797364710525,1567.02685546875,10.234410285949707
5066.846284988646,1784.4481201171875,10.8947114944458
5069.895205266767,1698.5435791015625,10.599897384643555
5072.944125544889,1271.157470703125,9.187758445739746
5075.99304582301,867.5919189453125,7.674592971801758
5079.041966101132,675.724609375,6.8206329345703125
5082.090886379254,616.5211181640625,6.5222907066345215
5085.139806657375,593.5505981445312,6.40421199798584
5088.188726935497,591.4412841796875,6.393822193145752
5091.237647213618,613.0809936523438,6.491488933563232
5094.286567491739,645.60595703125,6.652842044830322
5097.335487769861,699.772705078125,6.903416156768799
5100.384408047983,831.41015625,7.476058483123779
5103.433328326104,1111.7247314453125,8.584990501403809
5106.482248604226,1641.07177734375,10.345532417297363
5109.531168882348,2488.385986328125,12.665156364440918
5112.580089160469,3556.5185546875,15.108713150024414
5115.62900943859,4291.2392578125,16.56585121154785
5118.677929716711,4017.024658203125,15.944047927856445
5121.726849994833,2743.438720703125,13.105537414550781
5124.775770272954,1517.7852783203125,9.838691711425781
5127.824690551076,939.0634765625,7.869965553283691
5130.873610829198,750.38671875,7.058086395263672
5133.922531107319,667.0501708984375,6.675760269165039
5136.971451385441,614.038330078125,6.4277167320251465
5140.020371663562,561.3394775390625,6.1570868492126465
5143.069291941683,543.5912475585938,6.063667297363281
5146.118212219805,523.9382934570312,5.955440044403076
5149.167132497927,521.2451782226562,5.937836647033691
5152.216052776048,519.90576171875,5.933924198150635
5155.26497305417,523.8056640625,5.946328163146973
5158.313893332292,505.7354431152344,5.845315456390381
5161.362813610413,496.26885986328125,5.796645164489746
5164.411733888534,503.3902893066406,5.829863548278809
5167.460654166655,496.5792541503906,5.787901878356934
5170.509574444777,489.5373840332031,5.739593982696533
5173.558494722898,478.66229248046875,5.673305034637451
5176.60741500102,471.8764953613281,5.636373519897461
5179.656335279142,464.1112976074219,5.592543125152588
5182.705255557263,458.09088134765625,5.544564723968506
5185.754175835385,465.5990905761719,5.589919567108154
5188.803096113506,459.5863342285156,5.553034782409668
5191.852016391627,448.0859680175781,5.482393741607666
5194.900936669749,444.7445373535156,5.463959693908691
5197.949856947871,449.6368408203125,5.4891581535339355
5200.998777225992,453.0252685546875,5.508584499359131
5204.047697504114,445.0163269042969,5.462270736694336
5207.096617782236,433.09967041015625,5.405873775482178
5210.145538060357,440.2525634765625,5.435912132263184
5213.194458338478,438.7681884765625,5.40648889541626
5216.243378616599,438.9906005859375,5.408583641052246
5219.292298894721,444.71722412109375,5.444060802459717
5222.341219172842,443.1031799316406,5.43299674987793
5225.390139450964,442.6485290527344,5.429267406463623
5228.439059729086,445.28704833984375,5.446039199829102
5231.487980007207,448.13031005859375,5.457789421081543
5234.536900285329,447.8376159667969,5.441044330596924
5237.58582056345,436.0501403808594,5.367532730102539
5240.634740841571,440.0718994140625,5.38334321975708
5243.683661119693,443.1625061035156,5.413043022155762
5246.732581397815,456.0455017089844,5.484278678894043
5249.781501675936,467.0267333984375,5.533997535705566
5252.830421954058,466.3168640136719,5.532557010650635
5255.87934223218,468.78363037109375,5.534398555755615
5258.928262510301,469.77703857421875,5.544064044952393
5261.977182788422,480.7454833984375,5.610805034637451
5265.026103066543,489.93768310546875,5.6494293212890625
5268.075023344665,500.2136535644531,5.69735860824585
5271.123943622786,506.73553466796875,5.7301201820373535
5274.172863900908,501.0697937011719,5.695804595947266
5277.22178417903,494.9289245605469,5.644784927368164
5280.270704457151,485.0716552734375,5.58711576461792
5283.319624735273,487.0468444824219,5.605632305145264
5286.368545013394,502.915771484375,5.687320709228516
5289.417465291515,499.68572998046875,5.662964344024658
5292.466385569637,494.1484680175781,5.636534214019775
5295.515305847759,490.8560791015625,5.6149420738220215
5298.56422612588,488.73553466796875,5.601762771606445
5301.613146404002,501.43798828125,5.680302619934082
5304.662066682124,517.600341796875,5.765978813171387
5307.710986960245,537.2738647460938,5.866366863250732
5310.759907238366,566.8215942382812,6.01226806640625
5313.808827516488,569.8749389648438,6.024818420410156
5316.857747794609,544.5352783203125,5.897668838500977
5319.906668072731,518.5911865234375,5.7593674659729
5322.955588350852,497.794189453125,5.644988059997559
5326.004508628974,488.31085205078125,5.595080852508545
5329.053428907095,487.10040283203125,5.5943284034729
5332.102349185217,484.1610107421875,5.577286243438721
5335.151269463338,481.2069091796875,5.548035144805908
5338.200189741459,474.20147705078125,5.511563777923584
5341.249110019581,475.725341796875,5.513973712921143
5344.298030297703,474.4642639160156,5.507582187652588
5347.346950575824,470.212890625,5.4958271980285645
5350.395870853946,484.8665466308594,5.5562944412231445
5353.444791132068,477.6652526855469,5.518563270568848
5356.493711410189,469.6253356933594,5.485959053039551
5359.54263168831,473.9269104003906,5.500152587890625
5362.591551966432,465.92706298828125,5.444005012512207
5365.640472244553,464.69189453125,5.436530113220215
5368.689392522675,460.23614501953125,5.408346652984619
5371.738312800796,468.1012268066406,5.457159996032715
5374.787233078918,479.96099853515625,5.524989128112793
5377.836153357039,478.47027587890625,5.507143974304199
5380.885073635161,477.8436279296875,5.496539115905762
5383.933993913282,475.4892578125,5.488863945007324
5386.982914191403,478.7989501953125,5.51079797744751
5390.031834469525,482.36993408203125,5.524678707122803
5393.080754747647,479.00469970703125,5.5063252449035645
5396.129675025768,480.62640380859375,5.520477771759033
5399.17859530389,475.842041015625,5.489957809448242
5402.227515582012,478.3164978027344,5.500967502593994
5405.276435860133,488.0459899902344,5.554510593414307
5408.325356138254,483.89825439453125,5.518720626831055
5411.374276416376,483.2044982910156,5.517581939697266
5414.423196694497,484.4606018066406,5.5296950340271
5417.472116972619,488.0105285644531,5.543246269226074
5420.52103725074,496.83721923828125,5.5888471603393555
5423.569957528862,499.8053894042969,5.611210823059082
5426.618877806983,495.4477233886719,5.591245174407959
5429.667798085105,491.167724609375,5.559493541717529
5432.716718363226,482.3524475097656,5.50823450088501
5435.765638641347,468.4169616699219,5.43147087097168
5438.814558919469,466.12677001953125,5.417809009552002
5441.863479197591,469.6809387207031,5.431986331939697
5444.912399475712,467.6130065917969,5.42011833190918
5447.961319753834,471.2174377441406,5.4407501220703125
5451.010240031956,480.8251953125,5.48757791519165
5454.059160310077,480.5389404296875,5.484940052032471
5457.108080588198,472.47174072265625,5.444470405578613
5460.15700086632,464.5005798339844,5.400406837463379
5463.205921144441,455.05828857421875,5.363030910491943
5466.254841422563,456.1103820800781,5.383409023284912
5469.303761700684,464.5682067871094,5.421026706695557
5472.352681978806,466.9595642089844,5.421939373016357
5475.401602256927,459.78363037109375,5.383030414581299
5478.450522535049,453.5593566894531,5.347173690795898
5481.49944281317,451.19488525390625,5.326537609100342
5484.548363091291,444.25433349609375,5.283168315887451
5487.597283369413,442.3840026855469,5.266951560974121
5490.646203647535,443.34259033203125,5.274810791015625
5493.695123925656,446.5740661621094,5.293213367462158
5496.744044203778,446.7650146484375,5.290728569030762
5499.7929644819,449.6385803222656,5.299781322479248
5502.841884760021,441.344970703125,5.260416030883789
5505.890805038142,438.8701171875,5.2466959953308105
5508.939725316264,448.0528869628906,5.287961006164551
5511.988645594385,444.6182556152344,5.263711929321289
5515.037565872507,438.95440673828125,5.22672700881958
5518.086486150628,436.1443786621094,5.2151618003845215
5521.13540642875,434.0328063964844,5.197979927062988
5524.184326706871,437.267822265625,5.216388702392578
5527.233246984993,439.91357421875,5.238174915313721
5530.282167263114,440.65130615234375,5.238287448883057
5533.331087541235,447.8012390136719,5.283587455749512
5536.380007819357,446.3048400878906,5.271462440490723
5539.428928097479,443.18829345703125,5.2472052574157715
5542.4778483756,445.62310791015625,5.26755428314209
5545.526768653722,440.5262756347656,5.242297649383545
5548.575688931844,436.8470764160156,5.220163822174072
5551.624609209965,431.5631103515625,5.197624206542969
5554.673529488086,429.8766174316406,5.186503887176514
5557.722449766208,432.7933349609375,5.200992107391357
5560.771370044329,436.9505920410156,5.222837924957275
5563.820290322451,435.43963623046875,5.207283973693848
5566.869210600572,436.1409912109375,5.211507797241211
5569.918130878694,432.6324462890625,5.204410076141357
5572.967051156815,425.0434875488281,5.173396110534668
5576.015971434937,437.4437561035156,5.2522125244140625
5579.064891713058,431.69940185546875,5.531173229217529
5582.113811991179,428.33355712890625,6.348453521728516
5585.162732269301,440.792724609375,6.76945686340332
5588.211652547423,434.8724365234375,6.006538391113281
5591.260572825544,424.75482177734375,5.241903781890869
5594.309493103666,432.8171081542969,5.204601287841797
5597.358413381788,427.556396484375,5.15877628326416
5600.4073336599085,426.63165283203125,5.148797035217285
5603.45625393803,435.06829833984375,5.187478065490723
5606.505174216152,433.1000061035156,5.182791233062744
5609.554094494273,431.4320373535156,5.1736016273498535
5612.603014772395,432.4883728027344,5.184281826019287
5615.651935050516,426.6747131347656,5.139989852905273
5618.700855328638,428.4134216308594,5.155202388763428
5621.749775606759,430.9284362792969,5.165622711181641
5624.7986958848805,431.1955871582031,5.156754016876221
5627.847616163002,428.8492736816406,5.145969390869141
5630.896536441123,427.0094299316406,5.1439948081970215
5633.945456719245,441.7160339355469,5.221285820007324
5636.994376997367,450.6180114746094,5.256326198577881
5640.043297275488,453.219970703125,5.26224422454834
5643.09221755361,446.9917297363281,5.251197814941406
5646.141137831732,450.3003234863281,5.266051292419434
5649.1900581098525,445.3563537597656,5.233682632446289
5652.238978387974,442.26910400390625,5.229611873626709
5655.287898666096,443.9567565917969,5.229063987731934
5658.336818944217,447.8830261230469,5.242387294769287
5661.385739222339,441.1160888671875,5.204559803009033
5664.43465950046,440.09564208984375,5.204765796661377
5667.483579778582,447.1427917480469,5.240688323974609
5670.532500056703,451.6242370605469,5.2709174156188965
5673.5814203348245,432.3399353027344,5.171748161315918
5676.630340612946,434.1073303222656,5.177067279815674
5679.679260891067,441.89208984375,5.222297668457031
5682.728181169189,433.09234619140625,5.167297840118408
5685.777101447311,425.9437561035156,5.127191543579102
5688.826021725432,428.6816711425781,5.150184631347656
5691.874942003554,432.67657470703125,5.174710750579834
5694.923862281676,434.58892822265625,5.184041976928711
5697.9727825597965,432.714599609375,5.1749138832092285
5701.021702837918,426.7123718261719,5.149457931518555
5704.07062311604,421.021484375,5.108256816864014
5707.119543394161,425.6954650878906,5.123544216156006
5710.168463672283,417.34832763671875,5.069015979766846
5713.217383950404,419.0911560058594,5.080013751983643
5716.266304228526,414.04730224609375,5.056281566619873
5719.315224506647,423.87127685546875,5.108397483825684
5722.3641447847685,422.4546813964844,5.096985816955566
5725.41306506289,425.19720458984375,5.114121437072754
5728.461985341011,429.8609924316406,5.1498637199401855
5731.510905619133,430.42236328125,5.156142711639404
5734.559825897255,425.20806884765625,5.1154656410217285
5737.608746175376,426.4683837890625,5.119741439819336
5740.657666453498,424.1197204589844,5.099541187286377
5743.70658673162,433.0094299316406,5.145206451416016
5746.7555070097405,430.9030456542969,5.138115406036377
5749.804427287862,422.14166259765625,5.093332290649414
5752.853347565984,428.2214050292969,5.1236701011657715
5755.902267844105,429.7911682128906,5.135581970214844
5758.951188122227,425.1234436035156,5.10071325302124
5762.000108400349,428.2480773925781,5.109269618988037
5765.04902867847,417.3822021484375,5.051790714263916
5768.097948956591,412.4490051269531,5.031563758850098
5771.1468692347125,427.5268859863281,5.11248254776001
5774.195789512834,416.92913818359375,5.056123733520508
5777.244709790955,427.7334899902344,5.119976043701172
5780.293630069077,416.44866943359375,5.043448448181152
5783.342550347199,412.28985595703125,5.019402980804443
5786.39147062532,410.30450439453125,5.005908489227295
5789.440390903442,415.1815490722656,5.030477523803711
5792.489311181564,419.0715026855469,5.060276985168457
5795.5382314596845,420.02227783203125,5.069001197814941
5798.587151737806,425.2712707519531,5.104316234588623
5801.636072015928,428.24029541015625,5.112830638885498
5804.684992294049,418.1963806152344,5.0478620529174805
5807.73391257217,417.9123840332031,5.047725200653076
5810.782832850293,426.7188720703125,5.096060276031494
5813.831753128414,420.7765197753906,5.062260150909424
5816.880673406535,420.3703308105469,5.061683654785156
5819.9295936846565,427.63409423828125,5.1077470779418945
5822.978513962778,432.18157958984375,5.127094745635986
5826.027434240899,432.5193176269531,5.111231327056885
5829.076354519021,437.1886291503906,5.136075019836426
5832.125274797143,449.7304992675781,5.201804161071777
5835.174195075264,446.53070068359375,5.1897077560424805
5838.223115353386,453.0986633300781,5.2250261306762695
5841.272035631508,466.2750244140625,5.292224407196045
5844.3209559096285,480.11444091796875,5.3600850105285645
5847.36987618775,471.8413391113281,5.318551063537598
5850.418796465872,451.0478210449219,5.215783596038818
5853.467716743993,441.8077697753906,5.166424751281738
5856.516637022114,431.4061279296875,5.110814094543457
5859.565557300237,431.99713134765625,5.1107378005981445
5862.614477578358,443.2008056640625,5.162811756134033
5865.663397856479,440.314697265625,5.153866291046143
5868.7123181346005,442.1493225097656,5.17234992980957
5871.761238412722,442.0577087402344,5.191310882568359
5874.810158690843,445.84552001953125,5.216540813446045
5877.859078968965,458.48016357421875,5.264420986175537
5880.907999247087,465.2511901855469,5.286173343658447
5883.956919525208,450.8153991699219,5.203808784484863
5887.00583980333,439.1216125488281,5.142852306365967
5890.054760081452,436.4471435546875,5.13917875289917
5893.1036803595725,426.6263427734375,5.180810451507568
5896.152600637694,401.1388854980469,5.186709403991699
5899.201520915816,387.9213562011719,5.13364839553833
5902.250441193937,388.7972717285156,5.070155620574951
5905.299361472058,391.134521484375,4.996605396270752
5908.348281750181,412.057861328125,5.030150413513184
5911.397202028302,432.3224182128906,5.10713529586792
5914.446122306423,437.09075927734375,5.130630970001221
5917.4950425845445,430.74017333984375,5.1006083488464355
5920.543962862666,427.491455078125,5.094779014587402
5923.592883140787,444.0428771972656,5.176411151885986
5926.641803418909,450.7275695800781,5.201599597930908
5929.690723697031,441.1051940917969,5.154707908630371
5932.739643975152,449.8504943847656,5.196821212768555
5935.788564253274,455.6632385253906,5.225641250610352
5938.837484531396,455.4063720703125,5.250891208648682
5941.8864048095165,463.5791320800781,5.288846492767334
5944.935325087638,463.4821472167969,5.265340805053711
5947.98424536576,464.75054931640625,5.267617225646973
5951.033165643881,463.7461242675781,5.265166759490967
5954.082085922002,466.0700378417969,5.280332088470459
5957.131006200125,467.4595642089844,5.296803951263428
5960.179926478246,472.53704833984375,5.330479621887207
5963.228846756367,480.7568664550781,5.357858180999756
5966.2777670344885,479.3983154296875,5.335142612457275
5969.32668731261,490.15283203125,5.374886989593506
5972.375607590731,497.75372314453125,5.414130687713623
5975.424527868853,495.42913818359375,5.413843631744385
5978.473448146975,493.4544372558594,5.4063591957092285
5981.522368425096,503.1616516113281,5.454686164855957
5984.571288703218,509.0984802246094,5.487527370452881
5987.62020898134,511.30718994140625,5.489619255065918
5990.6691292594605,531.3711547851562,5.5689496994018555
5993.718049537582,548.4176025390625,5.6477766036987305
5996.766969815704,566.4329223632812,5.740875720977783
5999.815890093825,590.0936889648438,5.849178791046143
6002.864810371946,592.8155517578125,5.863257884979248
6005.913730650069,579.5784912109375,5.8050923347473145
6008.96265092819,564.0941772460938,5.7275495529174805
6012.011571206311,542.881591796875,5.623631000518799
6015.0604914844325,526.731689453125,5.532692909240723
6018.109411762554,516.4371948242188,5.478443145751953
6021.158332040675,519.728271484375,5.487988471984863
6024.207252318797,522.369384765625,5.499605655670166
6027.256172596919,522.7607421875,5.50338888168335
6030.30509287504,523.1101684570312,5.507226943969727
6033.354013153162,513.661376953125,5.464470863342285
6036.402933431284,513.3120727539062,5.462985992431641
6039.4518537094045,510.0535583496094,5.450619697570801
6042.500773987526,504.3124084472656,5.42313289642334
6045.549694265648,502.2157897949219,5.402276039123535
6048.598614543769,498.1763916015625,5.381892204284668
6051.64753482189,492.2622985839844,5.3555908203125
6054.696455100013,489.70941162109375,5.343529224395752
6057.745375378134,484.52716064453125,5.3094401359558105
6060.794295656255,484.4226379394531,5.315694808959961
6063.843215934377,479.84075927734375,5.2924652099609375
6066.892136212498,473.6139831542969,5.256822109222412
6069.941056490619,465.6454772949219,5.2014546394348145
6072.989976768741,468.03033447265625,5.205852508544922
6076.038897046863,467.84600830078125,5.21693754196167
6079.087817324984,465.32318115234375,5.200499534606934
6082.136737603106,468.67108154296875,5.2103471755981445
6085.185657881228,464.4147644042969,5.184234619140625
6088.2345781593485,464.6867980957031,5.1822991371154785
6091.28349843747,457.6612243652344,5.149500370025635
6094.332418715592,457.4691467285156,5.147425174713135
6097.381338993713,459.9884338378906,5.154147624969482
6100.430259271835,443.9001770019531,5.07180118560791
6103.479179549957,443.63482666015625,5.0744428634643555
6106.528099828078,445.6317443847656,5.079903602600098
6109.577020106199,442.72906494140625,5.059503555297852
6112.625940384321,439.33270263671875,5.043143272399902
6115.674860662442,440.5988464355469,5.050233840942383
6118.723780940563,435.7616882324219,5.023930549621582
6121.772701218685,439.4831237792969,5.043741703033447
6124.821621496807,432.8983459472656,5.001574516296387
6127.870541774928,428.20843505859375,4.968814849853516
6130.91946205305,427.95025634765625,4.966879844665527
6133.968382331172,424.4354248046875,4.948640823364258
6137.0173026092925,423.2938537597656,4.942580223083496
6140.066222887414,416.9980773925781,4.903736591339111
6143.115143165536,419.8504638671875,4.919834136962891
6146.164063443657,414.1366882324219,4.894082069396973
6149.212983721779,421.8412170410156,4.929715633392334
6152.261903999901,419.04693603515625,4.9121270179748535
6155.310824278022,410.2378845214844,4.858365058898926
6158.359744556143,409.6954345703125,4.860439300537109
6161.408664834265,418.2095031738281,4.904470920562744
6164.457585112386,421.24853515625,4.913702964782715
6167.506505390507,415.9085388183594,4.889296054840088
6170.555425668629,413.8843994140625,4.878304958343506
6173.604345946751,409.4687194824219,4.845082759857178
6176.653266224872,412.4288024902344,4.868156433105469
6179.702186502994,410.35076904296875,4.852200508117676
6182.751106781116,411.36346435546875,4.855034828186035
6185.8000270592365,413.7796630859375,4.862250328063965
6188.848947337358,413.73687744140625,4.857327938079834
6191.89786761548,411.42010498046875,4.832155227661133
6194.946787893601,406.27825927734375,4.808457851409912
6197.995708171723,409.5363464355469,4.831968307495117
6201.044628449845,418.5422668457031,4.875548362731934
6204.093548727966,424.7968444824219,4.90396785736084
6207.142469006087,436.6595764160156,4.972379684448242
6210.191389284209,449.25457763671875,5.034186840057373
6213.24030956233,452.5660400390625,5.045912742614746
6216.289229840451,466.853515625,5.11197566986084
6219.338150118573,465.7886047363281,5.115501880645752
6222.387070396695,457.31591796875,5.060181617736816
6225.435990674816,428.1646728515625,4.915346622467041
6228.484910952938,418.3612060546875,4.867949485778809
6231.53383123106,414.0047607421875,4.833889007568359
6234.5827515091805,412.02435302734375,4.814894676208496
6237.631671787302,404.8161926269531,4.788602828979492
6240.680592065424,399.47784423828125,4.795363903045654
6243.729512343545,403.1658630371094,4.828469753265381
6246.778432621667,404.36944580078125,4.81844425201416
6249.827352899789,401.61224365234375,4.782507419586182
6252.87627317791,404.2586364746094,4.78276252746582
6255.925193456031,403.6805725097656,4.765789985656738
6258.974113734153,400.5589599609375,4.741768836975098
6262.023034012274,395.19873046875,4.746032238006592
6265.071954290395,401.38409423828125,4.789875030517578
6268.120874568517,403.5615539550781,4.791591644287109
6271.169794846639,398.6880187988281,4.738094329833984
6274.21871512476,400.7983093261719,4.745205879211426
6277.267635402882,400.6111755371094,4.735061168670654
6280.316555681004,394.3642272949219,4.700292110443115
6283.3654759591245,385.83087158203125,4.645665645599365
6286.414396237246,374.10302734375,4.579349994659424
6289.463316515368,361.1329040527344,4.503281593322754
6292.512236793489,366.7087707519531,4.55853796005249
6295.561157071611,376.3393859863281,4.615597248077393
6298.610077349733,377.5118103027344,4.60536527633667
6301.658997627854,375.2760314941406,4.604617118835449
6304.707917905975,385.1174011230469,4.7796502113342285
6307.756838184097,385.2039794921875,4.864180088043213
6310.805758462218,382.8330383300781,4.767049312591553
6313.854678740339,388.41943359375,4.723339080810547
6316.903599018461,390.00946044921875,4.684623718261719
6319.952519296583,385.44482421875,4.623869895935059
6323.001439574704,387.394775390625,4.630081653594971
6326.050359852826,389.8746337890625,4.658364295959473
6329.099280130948,395.390625,4.686369895935059
6332.1482004090685,397.0331726074219,4.695157051086426
6335.19712068719,388.9865417480469,4.681362152099609
6338.246040965312,382.6209411621094,4.640594482421875
6341.294961243433,381.0052795410156,4.603538990020752
6344.343881521555,393.8227233886719,4.6510114669799805
6347.392801799677,391.80072021484375,4.643340587615967
6350.441722077798,393.3193054199219,4.655079364776611
6353.490642355919,397.34136962890625,4.67698335647583
6356.539562634041,394.9267272949219,4.668800354003906
6359.588482912162,389.9707946777344,4.649965763092041
6362.637403190283,381.8513488769531,4.605223655700684
6365.686323468405,378.7544250488281,4.594861030578613
6368.735243746527,386.83099365234375,4.665414333343506
6371.784164024648,392.499267578125,4.700656414031982
6374.83308430277,385.2357482910156,4.634133338928223
6377.882004580892,386.6271667480469,4.610291481018066
6380.9309248590125,389.11468505859375,4.615352630615234
6383.979845137134,392.2620849609375,4.640605449676514
6387.028765415256,395.1126708984375,4.657367706298828
6390.077685693377,388.9120788574219,4.624399662017822
6393.126605971499,388.9579162597656,4.624171257019043
6396.175526249621,395.1447448730469,4.65078067779541
6399.224446527742,393.86370849609375,4.6387715339660645
6402.273366805863,398.3601379394531,4.664229393005371
6405.322287083985,409.7198181152344,4.724169731140137
6408.371207362106,408.9947204589844,4.712084770202637
6411.420127640227,409.8744201660156,4.7199788093566895
6414.469047918349,411.6184387207031,4.7370381355285645
6417.517968196471,413.3221740722656,4.738429069519043
6420.566888474592,427.6258850097656,4.815266132354736
6423.615808752714,455.3370056152344,4.965313911437988
6426.664729030836,498.4480895996094,5.1824116706848145
6429.7136493089565,568.3494262695312,5.5042619705200195
6432.762569587078,655.6918334960938,5.88054084777832
6435.8114898652,712.4537963867188,6.115114688873291
6438.860410143321,692.81298828125,6.026477813720703
6441.909330421443,609.222412109375,5.678629398345947
6444.958250699565,521.9654541015625,5.277612209320068
6448.007170977686,465.095947265625,4.99625301361084
6451.056091255807,451.8196105957031,4.929317474365234
6454.105011533929,429.03924560546875,4.818295001983643
6457.15393181205,422.036865234375,4.789494514465332
6460.202852090171,415.2281799316406,4.753468990325928
6463.251772368293,409.3729248046875,4.717559337615967
6466.300692646415,407.57366943359375,4.718389511108398
6469.349612924536,400.4811096191406,4.695154666900635
6472.398533202658,402.9229431152344,4.725771903991699
6475.44745348078,409.48443603515625,4.765495777130127
6478.4963737589005,411.6652526855469,4.76949405670166
6481.545294037022,416.6037902832031,4.775875568389893
6484.594214315144,424.2085876464844,4.81229829788208
6487.643134593265,421.43646240234375,4.795225143432617
6490.692054871387,431.6518859863281,4.833817005157471
6493.740975149509,460.0099182128906,4.976923942565918
6496.78989542763,487.6670227050781,5.11325216293335
6499.838815705751,510.084716796875,5.22611665725708
6502.887735983873,522.6503295898438,5.314899444580078
6505.936656261994,505.6648254394531,5.267365455627441
6508.985576540115,481.3469543457031,5.1406569480896
6512.034496818237,467.41064453125,5.0442914962768555
6515.083417096359,440.568603515625,4.902028560638428
6518.13233737448,425.58026123046875,4.823565483093262
6521.181257652602,415.02825927734375,4.764048099517822
6524.230177930724,412.8401794433594,4.7492852210998535
6527.2790982088445,412.6182556152344,4.76127815246582
6530.328018486966,427.3612060546875,4.8415303230285645
6533.376938765088,424.2522277832031,4.819981575012207
6536.425859043209,421.4679260253906,4.817389965057373
6539.474779321331,413.8955383300781,4.798956871032715
6542.523699599453,415.3102111816406,4.803369045257568
6545.572619877574,408.7952880859375,4.750595569610596
6548.621540155695,410.28839111328125,4.756579875946045
6551.670460433817,414.4203796386719,4.790982246398926
6554.719380711938,417.7133483886719,4.808106899261475
6557.768300990059,420.954833984375,4.846256732940674
6560.817221268181,421.56341552734375,4.866920471191406
6563.866141546303,429.54254150390625,4.889657974243164
6566.915061824424,429.2728271484375,4.882275104522705
6569.963982102546,430.58123779296875,4.892608165740967
6573.012902380668,433.3455505371094,4.899280548095703
6576.0618226587885,436.31390380859375,4.926464557647705
6579.11074293691,438.4527893066406,4.936285018920898
6582.159663215032,453.4689025878906,5.028967380523682
6585.208583493153,464.3115539550781,5.083588600158691
6588.257503771275,444.1651916503906,4.95861291885376
6591.306424049397,469.0732727050781,5.082333087921143
6594.355344327518,473.9723205566406,5.113131999969482
6597.404264605639,473.1218566894531,5.106574058532715
6600.453184883761,476.0216979980469,5.132591247558594
6603.502105161882,487.4273376464844,5.204710006713867
6606.551025440003,510.8522644042969,5.317026138305664
6609.599945718125,521.37548828125,5.374391078948975
6612.648865996247,540.5172729492188,5.467677593231201
6615.697786274368,554.52685546875,5.521796226501465
6618.74670655249,569.0033569335938,5.580729961395264
6621.795626830612,585.6162109375,5.661048889160156
6624.8445471087325,609.6799926757812,5.778565883636475
6627.893467386854,652.8966064453125,5.969692707061768
6630.942387664976,691.5889892578125,6.13557243347168
6633.991307943097,735.189453125,6.327948570251465
6637.040228221219,784.088134765625,6.531064510345459
6640.089148499341,811.4264526367188,6.647661209106445
6643.138068777462,854.4037475585938,6.815297603607178
6646.186989055583,903.7225341796875,7.004457950592041
6649.235909333705,955.2723999023438,7.184549331665039
6652.284829611826,1024.459716796875,7.434535026550293
6655.333749889947,1098.7572021484375,7.702361583709717
6658.382670168069,1185.9923095703125,7.9971184730529785
6661.431590446191,1273.3773193359375,8.286477088928223
6664.480510724312,1347.9110107421875,8.520976066589355
6667.529431002434,1434.820068359375,8.785967826843262
6670.578351280556,1523.896240234375,9.049843788146973
6673.6272715586765,1632.51708984375,9.357295989990234
6676.676191836798,1775.92431640625,9.75615119934082
6679.72511211492,1969.0203857421875,10.266321182250977
6682.774032393041,2253.0546875,10.973572731018066
6685.822952671163,2546.33203125,11.67703628540039
6688.871872949285,2830.095703125,12.309432983398438
6691.920793227406,3068.962158203125,12.814159393310547
6694.969713505527,3230.739013671875,13.147830963134766
6698.018633783649,3444.11962890625,13.580891609191895
6701.06755406177,3758.927978515625,14.196707725524902
6704.116474339891,4028.0322265625,14.699246406555176
6707.165394618013,4031.4091796875,14.703983306884766
6710.214314896135,3734.831787109375,14.15800952911377
6713.263235174256,3416.075927734375,13.56747055053711
6716.312155452378,3360.178955078125,13.467557907104492
6719.3610757305,3552.71337890625,13.857926368713379
6722.4099960086205,3815.78857421875,14.381274223327637
6725.458916286742,3904.755126953125,14.553971290588379
6728.507836564864,3648.683837890625,14.074602127075195
6731.556756842985,3122.51904296875,13.030097007751465
6734.605677121107,2570.17919921875,11.85079288482666
6737.654597399229,2214.258056640625,11.031397819519043
6740.70351767735,2014.253173828125,10.531744003295898
6743.752437955471,1884.7957763671875,10.199185371398926
6746.801358233593,1750.63818359375,9.8499174118042
6749.850278511714,1622.4449462890625,9.493967056274414
6752.899198789835,1500.859375,9.143681526184082
6755.948119067957,1396.858642578125,8.833256721496582
6758.997039346079,1298.6712646484375,8.53657341003418
6762.0459596242,1207.1920166015625,8.252099990844727
6765.094879902322,1153.3604736328125,8.077678680419922
6768.143800180444,1100.166748046875,7.9003190994262695
6771.1927204585645,1056.4302978515625,7.7579851150512695
6774.241640736686,1000.5045166015625,7.566676139831543
6777.290561014808,955.3081665039062,7.400810718536377
6780.339481292929,883.801025390625,7.135316848754883
6783.388401571051,825.971435546875,6.9139909744262695
6786.437321849173,778.8309326171875,6.72493314743042
6789.486242127294,746.5368041992188,6.600382328033447
6792.535162405415,700.3688354492188,6.406540870666504
6795.584082683537,683.215087890625,6.345780849456787
6798.633002961658,676.4383544921875,6.3236165046691895
6801.681923239779,671.0333251953125,6.300010681152344
6804.730843517901,634.4674072265625,6.145357131958008
6807.779763796023,617.5133666992188,6.060154914855957
6810.828684074144,591.3478393554688,5.942953109741211
6813.877604352266,563.5057983398438,5.824015140533447
6816.926524630388,561.5964965820312,5.820258617401123
6819.9754449085085,556.3143310546875,5.7934417724609375
6823.02436518663,560.7802124023438,5.823913097381592
6826.073285464752,567.1556396484375,5.863936424255371
6829.122205742873,562.5501098632812,5.8603715896606445
6832.171126020995,545.3453979492188,5.804994583129883
6835.220046299117,529.2326049804688,5.780381202697754
6838.268966577238,518.4998779296875,5.757065296173096
6841.31788685536,511.3108825683594,5.708894729614258
6844.366807133481,527.8017578125,5.7567315101623535
6847.415727411602,555.797119140625,5.867878437042236
6850.464647689723,618.718994140625,6.1590704917907715
6853.513567967846,747.7976684570312,6.731716632843018
6856.562488245967,893.7219848632812,7.342037200927734
6859.611408524088,1032.3330078125,7.881156921386719
6862.66032880221,1093.7822265625,8.104565620422363
6865.709249080332,1047.4451904296875,7.945242881774902
6868.7581693584525,967.0884399414062,7.69725227355957
6871.807089636574,909.4187622070312,7.515002727508545
6874.856009914696,808.7125854492188,7.064526557922363
6877.904930192817,699.4644165039062,6.5437703132629395
6880.953850470939,634.5565795898438,6.226492881774902
6884.002770749061,570.3455810546875,5.930367469787598
6887.051691027182,523.6213989257812,5.726317882537842
6890.100611305304,471.8482971191406,5.467403411865234
6893.149531583425,421.9237060546875,5.193856239318848
6896.198451861546,381.05084228515625,4.966858386993408
6899.247372139667,363.88641357421875,4.857865333557129
6902.29629241779,368.0263671875,4.872835636138916
6905.345212695911,372.91314697265625,4.921195030212402
6908.394132974032,380.9151916503906,5.003818988800049
6911.443053252154,385.7953796386719,5.032618522644043
6914.491973530276,392.19061279296875,5.062192916870117
6917.5408938083965,396.7502136230469,5.113983631134033
6920.589814086518,393.282470703125,5.11829948425293
6923.63873436464,388.5466613769531,5.074692249298096
6926.687654642761,385.7905578613281,5.0626749992370605
6929.736574920883,375.3086853027344,5.050898551940918
6932.785495199005,377.8230285644531,5.064487934112549
6935.834415477126,387.3525695800781,5.085965156555176
6938.883335755248,398.3064880371094,5.138481140136719
6941.932256033369,403.6036071777344,5.177119731903076
6944.98117631149,394.8785095214844,5.154810428619385
6948.030096589611,388.7853088378906,5.126967906951904
6951.079016867734,376.0297546386719,5.04219388961792
6954.127937145855,365.27197265625,5.020341396331787
6957.176857423976,368.21881103515625,5.0807037353515625
6960.225777702098,373.6784362792969,5.083025932312012
6963.27469798022,382.294921875,5.104083061218262
6966.3236182583405,397.2000427246094,5.198269367218018
6969.372538536462,403.33087158203125,5.244974613189697
6972.421458814584,400.4911804199219,5.244884490966797
6975.470379092705,400.4316711425781,5.263064384460449
6978.519299370827,390.2629699707031,5.201208591461182
6981.568219648949,385.3627624511719,5.163002967834473
6984.61713992707,385.0152587890625,5.200593948364258
6987.666060205192,384.2981262207031,5.214108943939209
6990.714980483313,396.5354919433594,5.253886699676514
6993.763900761434,399.8870849609375,5.266859531402588
6996.812821039555,400.26922607421875,5.279627799987793
6999.861741317678,394.8426513671875,5.257114410400391
7002.910661595799,383.6543273925781,5.177826404571533
7005.95958187392,371.06768798828125,5.1125335693359375
7009.008502152042,365.63299560546875,5.10467529296875
7012.057422430164,373.0079345703125,5.148813724517822
7015.1063427082845,376.7574157714844,5.194101810455322
7018.155262986406,396.8652038574219,5.34361457824707
7021.204183264528,392.42425537109375,5.3176140785217285
7024.253103542649,398.4356384277344,5.343043804168701
7027.302023820771,399.9682312011719,5.3632307052612305
7030.350944098893,385.2745056152344,5.272830963134766
7033.399864377014,377.9551086425781,5.22353982925415
7036.448784655136,366.0675048828125,5.17606258392334
7039.497704933257,377.47930908203125,5.26249361038208
7042.546625211378,382.34490966796875,5.306954383850098
7045.595545489499,393.75079345703125,5.395425319671631
7048.644465767622,409.23382568359375,5.515406608581543
7051.693386045743,411.3226318359375,5.5442023277282715
7054.742306323864,408.1209716796875,5.547244071960449
7057.791226601986,398.4831848144531,5.503538131713867
7060.840146880108,386.19915771484375,5.406130313873291
7063.8890671582285,367.86749267578125,5.284125804901123
7066.93798743635,364.5324401855469,5.290774345397949
7069.986907714472,371.0788269042969,5.353111743927002
7073.035827992593,384.2295227050781,5.45059871673584
7076.084748270715,402.5110168457031,5.589437961578369
7079.133668548837,405.2368469238281,5.615079402923584
7082.182588826958,394.4691162109375,5.551247596740723
7085.23150910508,382.6050720214844,5.49772834777832
7088.280429383201,367.633544921875,5.403646469116211
7091.329349661322,366.15814208984375,5.419965744018555
7094.378269939443,373.34637451171875,5.499913215637207
7097.427190217566,388.9924621582031,5.62635612487793
7100.476110495687,406.5046081542969,5.7367024421691895
7103.525030773808,407.8192138671875,5.753650665283203
7106.57395105193,412.8345031738281,5.794844150543213
7109.622871330052,394.1882629394531,5.6881208419799805
7112.6717916081725,381.8734130859375,5.631878852844238
7115.720711886294,375.4185485839844,5.6026716232299805
7118.769632164416,382.40283203125,5.670149803161621
7121.818552442537,385.7176208496094,5.72111177444458
7124.867472720659,399.6248779296875,5.836136341094971
7127.916392998781,407.3423156738281,5.90049934387207
7130.965313276902,403.8489685058594,5.888389587402344
7134.014233555024,397.1239013671875,5.874755859375
7137.063153833145,383.5951843261719,5.81982421875
7140.112074111266,372.5774230957031,5.7559356689453125
7143.160994389387,374.30419921875,5.781490325927734
7146.20991466751,386.5184020996094,5.892975330352783
7149.258834945631,404.0974426269531,6.033228397369385
7152.307755223752,416.38446044921875,6.152446746826172
7155.356675501874,413.3910217285156,6.16552734375
7158.405595779996,398.2826843261719,6.07315731048584
7161.4545160581165,385.992431640625,5.992680072784424
7164.503436336238,383.3691101074219,5.997047424316406
7167.55235661436,370.759033203125,5.948375701904297
7170.601276892481,361.1322326660156,5.912051200866699
7173.650197170603,374.9178161621094,6.033235549926758
7176.699117448725,385.7484436035156,6.143736362457275
7179.748037726846,384.4043884277344,6.165955543518066
7182.796958004968,370.33367919921875,6.069396495819092
7185.845878283089,357.7771911621094,5.994466781616211
7188.89479856121,352.5950927734375,5.983880043029785
7191.943718839331,340.6678161621094,5.909123420715332
7194.992639117454,349.30804443359375,6.007216930389404
7198.041559395575,369.7397155761719,6.200277805328369
7201.090479673696,386.10247802734375,6.361887454986572
7204.139399951818,393.5416259765625,6.455326080322266
7207.18832022994,380.2122802734375,6.368640899658203
7210.2372405080605,366.2040710449219,6.284128665924072
7213.286160786182,368.6565856933594,6.3462090492248535
7216.335081064304,392.0433349609375,6.5728936195373535
7219.384001342425,426.27978515625,6.88764762878418
7222.432921620547,446.4384765625,7.06892204284668
7225.481841898669,434.6321105957031,7.040931701660156
7228.53076217679,420.0152893066406,6.974979400634766
7231.579682454912,398.3012390136719,6.829704761505127
7234.628602733033,367.6805725097656,6.642377853393555
7237.677523011154,373.9671630859375,6.740105152130127
7240.726443289275,377.07177734375,6.824691295623779
7243.775363567398,380.99053955078125,7.053777694702148
7246.824283845519,386.2987365722656,7.34660530090332
7249.87320412364,377.0426940917969,7.37345027923584
7252.922124401762,364.7221374511719,7.217957973480225
7255.971044679884,365.6741638183594,7.097605228424072
7259.0199649580045,376.07342529296875,7.1397552490234375
7262.068885236126,399.64013671875,7.411220073699951
7265.117805514248,399.38873291015625,7.409341335296631
7268.166725792369,385.70147705078125,7.304855823516846
7271.215646070491,372.9315185546875,7.231922149658203
7274.264566348613,395.44525146484375,7.4969072341918945
7277.313486626734,426.52288818359375,7.874022006988525
